group,source,model,effort,task_type,complexity,harness,unit,cost_usd,tokens_in,tokens_out,score,score_metric,cached_pct,confound,ref
# group = same-task/same-source comparison cluster (rows sharing a group are directly ratio-comparable)
# task_type: coding|agentic-tool|computer-use|reasoning-math|writing|mixed ; complexity: trivial|easy|mid|hard|frontier
osworld,anthropic-chart,sonnet-4.6,low,computer-use,mid,AA,per-task,0.30,,,71.5,pass%,,digitized-logx,anthropic.com/news/claude-sonnet-5
osworld,anthropic-chart,sonnet-4.6,medium,computer-use,mid,AA,per-task,0.38,,,76.0,pass%,,digitized,anthropic-chart
osworld,anthropic-chart,sonnet-4.6,high,computer-use,mid,AA,per-task,0.50,,,77.8,pass%,,digitized,anthropic-chart
osworld,anthropic-chart,sonnet-4.6,max,computer-use,mid,AA,per-task,0.53,,,78.4,pass%,,digitized,anthropic-chart
osworld,anthropic-chart,sonnet-5,low,computer-use,mid,AA,per-task,0.21,,,76.7,pass%,,digitized,anthropic-chart
osworld,anthropic-chart,sonnet-5,medium,computer-use,mid,AA,per-task,0.28,,,77.7,pass%,,digitized,anthropic-chart
osworld,anthropic-chart,sonnet-5,high,computer-use,mid,AA,per-task,0.34,,,78.5,pass%,,digitized,anthropic-chart
osworld,anthropic-chart,sonnet-5,xhigh,computer-use,mid,AA,per-task,0.45,,,79.2,pass%,,digitized,anthropic-chart
osworld,anthropic-chart,sonnet-5,max,computer-use,mid,AA,per-task,0.68,,,81.3,pass%,,digitized,anthropic-chart
osworld,anthropic-chart,opus-4.8,low,computer-use,mid,AA,per-task,0.28,,,78.3,pass%,,digitized,anthropic-chart
osworld,anthropic-chart,opus-4.8,medium,computer-use,mid,AA,per-task,0.36,,,79.8,pass%,,digitized,anthropic-chart
osworld,anthropic-chart,opus-4.8,high,computer-use,mid,AA,per-task,0.44,,,81.3,pass%,,digitized,anthropic-chart
osworld,anthropic-chart,opus-4.8,xhigh,computer-use,mid,AA,per-task,0.75,,,82.9,pass%,,digitized,anthropic-chart
osworld,anthropic-chart,opus-4.8,max,computer-use,mid,AA,per-task,1.30,,,83.4,pass%,,digitized,anthropic-chart
aa-index,artificialanalysis,opus-4.8,max,mixed,frontier,AA-Index,per-suite,3752.55,,120000000,56,AA-idx,,verbosity-self-select,artificialanalysis.ai
aa-index,artificialanalysis,opus-4.7,max,mixed,frontier,AA-Index,per-suite,3737.82,,100000000,54,AA-idx,,,artificialanalysis.ai
aa-index,artificialanalysis,sonnet-5,max,mixed,frontier,AA-Index,per-suite,6015.18,,300000000,53,AA-idx,,very-verbose,artificialanalysis.ai
aa-index,artificialanalysis,fable-5,max,mixed,frontier,AA-Index,per-suite,,,87000000,60,AA-idx,,cost-chart-only,artificialanalysis.ai
aa-index-pertask,artificialanalysis,sonnet-5,max,agentic-tool,mid,AA-Index,per-task,2.29,,,53,AA-idx,,index-version-launch,artificialanalysis.ai/articles
aa-index-pertask,artificialanalysis,opus-4.8,max,agentic-tool,mid,AA-Index,per-task,1.99,,,56,AA-idx,,,artificialanalysis.ai/articles
aa-index-pertask,artificialanalysis,sonnet-4.6,max,agentic-tool,mid,AA-Index,per-task,1.15,,,47,AA-idx,,,artificialanalysis.ai/articles
swerebench,swe-rebench,opus-4.8,xhigh,coding,hard,SWE-agent,per-problem,2.02,,2479387,56.5,resolved%,95.3,,swe-rebench.com
swerebench,swe-rebench,opus-4.7,high,coding,hard,SWE-agent,per-problem,1.32,,1526135,53.1,resolved%,94.2,,swe-rebench.com
swerebench,swe-rebench,opus-4.6,high,coding,hard,SWE-agent,per-problem,1.53,,1828649,47.8,resolved%,93.6,,swe-rebench.com
swerebench,swe-rebench,sonnet-4.6,default,coding,hard,SWE-agent,per-problem,1.29,,2644577,51.3,resolved%,95.6,,swe-rebench.com
workbench,arxiv-2606.13715,fable-5,high,agentic-tool,mid,WorkBench,per-task,0.355,,,97.7,complete%,,token-est-strlen,arxiv.org/abs/2606.13715
workbench,arxiv-2606.13715,opus-4.8,nothink,agentic-tool,mid,WorkBench,per-task,0.182,,,96.2,complete%,,,arxiv-2606.13715
workbench,arxiv-2606.13715,sonnet-4.6,nothink,agentic-tool,mid,WorkBench,per-task,0.105,,,88.3,complete%,,,arxiv-2606.13715
workbench,arxiv-2606.13715,haiku-4.5,nothink,agentic-tool,mid,WorkBench,per-task,0.034,,,74.8,complete%,,,arxiv-2606.13715
braintrust,braintrust,opus-4.8,T25,coding,mid,retrieval,per-trace,0.060,,125700,87,ASTMatch%,,budget-tier,braintrust.dev
braintrust,braintrust,opus-4.8,T50,coding,mid,retrieval,per-trace,0.130,,237900,88,ASTMatch%,,budget-tier,braintrust.dev
braintrust,braintrust,sonnet-4.6,T25,coding,mid,retrieval,per-trace,0.040,,,56,ASTMatch%,,,braintrust.dev
braintrust,braintrust,sonnet-4.6,T50,coding,mid,retrieval,per-trace,0.080,,,66.7,ASTMatch%,,,braintrust.dev
stageclaw,arxiv-2606.10394,opus-4.7,nothink,agentic-tool,hard,STAGE,per-task,6.55,,1242000,77.1,score,,reasoning-disabled,arxiv-2606.10394
stageclaw,arxiv-2606.10394,sonnet-4.6,nothink,agentic-tool,hard,STAGE,per-task,3.98,,1265000,69.43,score,,reasoning-disabled,arxiv-2606.10394
tobench,arxiv-2605.16909,haiku-4.5,nothink,agentic-tool,mid,TOBench,per-task,0.27,,244000,27.0,acc%,,,arxiv-2605.16909
tobench,arxiv-2605.16909,opus-4.6,nothink,agentic-tool,mid,TOBench,per-task,2.37,,329700,32.0,acc%,,,arxiv-2605.16909
tobench,arxiv-2605.16909,sonnet-4.6,nothink,agentic-tool,mid,TOBench,per-task,1.67,,370100,23.0,acc%,,,arxiv-2605.16909
ceobench,arxiv-2606.18543,opus-4.8,max,agentic-tool,hard,CEO-Bench,per-run,213.41,,,,cash,,best-run-noisy,arxiv-2606.18543
ceobench,arxiv-2606.18543,opus-4.7,max,agentic-tool,hard,CEO-Bench,per-run,128.72,,,,cash,,,arxiv-2606.18543
ceobench,arxiv-2606.18543,sonnet-4.6,max,agentic-tool,hard,CEO-Bench,per-run,82.84,,,,cash,,,arxiv-2606.18543
ceobench,arxiv-2606.18543,haiku-4.5,default,agentic-tool,hard,CEO-Bench,per-run,6.68,,,,cash,,,arxiv-2606.18543
automationbench,arxiv-2604.18934,opus-4.7,max,agentic-tool,hard,AutomationBench,per-task,1.80,,,9.9,score%,,,arxiv-2604.18934
automationbench,arxiv-2604.18934,sonnet-4.6,max,agentic-tool,hard,AutomationBench,per-task,1.81,,,5.3,score%,,,arxiv-2604.18934
automationbench,anthropic-syscard,sonnet-5,max,agentic-tool,hard,AutomationBench,per-task,,,,13.5,score%,,syscard-p114,anthropic-sonnet5-syscard-p114
automationbench,arxiv-2604.18934,haiku-4.5,default,agentic-tool,hard,AutomationBench,per-task,0.18,,,1.5,score%,,,arxiv-2604.18934
officeqa,arxiv-2603.08655,opus-4.6,high,agentic-tool,hard,OfficeQA,per-q,8.61,,,57.1,correct%,,,arxiv-2603.08655
officeqa,arxiv-2603.08655,sonnet-4.6,high,agentic-tool,hard,OfficeQA,per-q,6.45,,,51.9,correct%,,,arxiv-2603.08655
officeqa,arxiv-2603.08655,haiku-4.5,high,agentic-tool,hard,OfficeQA,per-q,2.84,,,33.8,correct%,,,arxiv-2603.08655
slopcode,arxiv-2603.24755,opus-4.6,high,coding,hard,SlopCode,per-ckpt,3.47,,,53.8,core%,,,arxiv-2603.24755
slopcode,arxiv-2603.24755,sonnet-4.6,high,coding,hard,SlopCode,per-ckpt,1.92,,,45.1,core%,,,arxiv-2603.24755
posttrain,arxiv-2603.08640,opus-4.5,medium,reasoning-math,hard,PostTrain,per-run,,,10580000,13.77,score,,,arxiv-2603.08640
posttrain,arxiv-2603.08640,opus-4.5,high,reasoning-math,hard,PostTrain,per-run,,,29130000,17.76,score,,tokens-2.8x-medium,arxiv-2603.08640
skillsbench,arxiv-2602.12670,opus-4.8,high,coding,hard,ClaudeCode-2.1.19,per-trial,18.36,,,54.1,solve%,,range14-22.7,arxiv-2602.12670
skillsbench,arxiv-2602.12670,opus-4.7,xhigh,coding,hard,ClaudeCode-2.1.19,per-trial,8.68,,,53.1,solve%,,range6.4-11,arxiv-2602.12670
skillsbench,arxiv-2602.12670,sonnet-4.6,high,coding,hard,ClaudeCode-2.1.19,per-trial,11.15,,,47.2,solve%,,range10-12.3,arxiv-2602.12670
aireiter,aireiter,sonnet-5,high,coding,easy,ClaudeCode,per-task,0.378,4303,2583,100,pass%,,,aireiter.com
aireiter,aireiter,opus-4.8,high,coding,easy,ClaudeCode,per-task,0.439,,,100,pass%,,,aireiter.com
aireiter2,aireiter,sonnet-5,high,writing,trivial,ClaudeCode,per-task,0.072,,,,,,,aireiter.com
aireiter2,aireiter,opus-4.8,high,writing,trivial,ClaudeCode,per-task,0.084,,,,,,,aireiter.com
aireiter3,aireiter,sonnet-5,high,agentic-tool,easy,ClaudeCode,per-task,0.119,,,,,,,aireiter.com
aireiter3,aireiter,opus-4.8,high,agentic-tool,easy,ClaudeCode,per-task,0.120,,,,,,,aireiter.com
ctala,github-ctala,opus-4.8,high,mixed,mid,ClaudeCode-sub,per-1k-calls,39.00,,,8.65,quality,,subscription-basis,github.com/ctala/ai-benchmarks-alternativos
ctala,github-ctala,fable-5,high,mixed,mid,api,per-1k-calls,78.00,,,8.38,quality,,,github-ctala
ctala,github-ctala,haiku-4.5,default,mixed,mid,api,per-1k-calls,7.80,,,8.44,quality,,,github-ctala
drona23,github-drona23,haiku-4.5,default,coding,easy,ClaudeCode-CLI,per-5prompts,0.0585,,2266,,,,,github.com/drona23/claude-token-efficient
drona23,github-drona23,sonnet-4.6,high,coding,easy,ClaudeCode-CLI,per-5prompts,0.1609,,1856,,,,,github-drona23
drona23,github-drona23,opus-4.6,default,coding,easy,ClaudeCode-CLI,per-5prompts,0.3850,,1888,,,,,github-drona23
ponytail,github-ponytail,haiku-4.5,default,coding,easy,ClaudeCode,per-5tasks,0.030,,,100,correct%,,,github.com/DietrichGebert/ponytail
ponytail,github-ponytail,sonnet-4.6,high,coding,easy,ClaudeCode,per-5tasks,0.137,,,100,correct%,,,github-ponytail
ponytail,github-ponytail,opus-4.6,default,coding,easy,ClaudeCode,per-5tasks,0.137,,,100,correct%,,,github-ponytail
ianlpaterson,ianlpaterson,haiku-4.5,nothink,mixed,mid,OpenRouter,per-run,0.04,,,95.9,quality,,,ianlpaterson.com
ianlpaterson,ianlpaterson,sonnet-4.6,nothink,mixed,mid,OpenRouter,per-run,0.20,,,100,quality,,,ianlpaterson.com
ianlpaterson,ianlpaterson,opus-4.6,nothink,mixed,mid,OpenRouter,per-run,0.69,,,100,quality,,,ianlpaterson.com
hal-swemini,hal-princeton,sonnet-4.5,high,coding,hard,HAL,per-suite,463.90,,,72.0,resolved%,,,hal.cs.princeton.edu
hal-swemini,hal-princeton,sonnet-4.5,default,coding,hard,HAL,per-suite,505.92,,,68.0,resolved%,,effort-inversion,hal.cs.princeton.edu
hal-swemini,hal-princeton,opus-4.1,default,coding,hard,HAL,per-suite,1351.35,,,61.0,resolved%,,,hal-princeton
hal-science,hal-princeton,sonnet-4.5,high,reasoning-math,hard,HAL,per-suite,7.47,,,30.4,score%,,,hal-princeton
hal-science,hal-princeton,sonnet-3.7,high,reasoning-math,hard,HAL,per-suite,11.74,,,30.4,score%,,same-score,hal-princeton
george-liu,ai.georgeliu,opus-4.7,low,coding,mid,ClaudeCode,per-10run,,,2691,,,,,ai.georgeliu.com
george-liu,ai.georgeliu,opus-4.7,max,coding,mid,ClaudeCode,per-10run,,,17559,,,,6.5x-low,ai.georgeliu.com
zenn-qcd,zenn-nnakapa,opus-4.8,low,coding,mid,api,agg,0.561,,,100,pass%(med),,240-trials,zenn.dev/nnakapa
zenn-qcd,zenn-nnakapa,opus-4.8,xhigh,coding,mid,api,agg,1.423,,,100,pass%,,,zenn.dev/nnakapa
zenn-qcd,zenn-nnakapa,sonnet-5,low,coding,mid,api,agg,0.392,,,70,pass%(med),,,zenn.dev/nnakapa
zenn-qcd,zenn-nnakapa,sonnet-5,xhigh,coding,mid,api,agg,0.762,,,100,pass%,,,zenn.dev/nnakapa
whitekumalabo,whitekumalabo,opus-4.6,low,coding,hard,ClaudeCode,per-exec,0.032,,,,,,L3-192runs,whitekumalabo.jp
whitekumalabo,whitekumalabo,opus-4.6,max,coding,hard,ClaudeCode,per-exec,0.060,,,,,,L3,whitekumalabo.jp
qiita-nogataka,qiita,opus-4.7,low,coding,mid,api,per-task,0.07,,,0,success,,TaskA-N1,qiita.com/nogataka
qiita-nogataka,qiita,opus-4.7,max,coding,mid,api,per-task,0.19,,,1,success,,TaskA,qiita.com/nogataka
codesota,codesota-openrouter,sonnet-4.6,priceblend,mixed,mid,OpenRouter-agg,blended-per-M,6.35,,,,,, realized-blended,codesota.com
codesota,codesota-openrouter,opus-4.8,priceblend,mixed,mid,OpenRouter-agg,blended-per-M,10.60,,,,,,realized-blended,codesota.com
coderev,arxiv-2606.15689,haiku-4.5,nothink,coding,mid,code-review,per-review-rel,1.0,,,0.365,F1,,3.2x-cheaper,arxiv-2606.15689
coderev,arxiv-2606.15689,sonnet-4.6,nothink,coding,mid,code-review,per-review-rel,3.2,,,0.343,F1,,,arxiv-2606.15689
wildclaw,arxiv-2605.10912,opus-4.7,nothink,agentic-tool,hard,OpenClaw,per-task,1.29,,,62.2,score%,,,arxiv-2605.10912
wildclaw,arxiv-2605.10912,opus-4.6,nothink,agentic-tool,hard,OpenClaw,per-task,1.35,,,51.6,score%,,,arxiv-2605.10912
truefoundry,truefoundry,opus-4.8,nothink,coding,hard,single-turn,per-problem,0.029,,,100,usable%,,light-harness,truefoundry.com
truefoundry,truefoundry,opus-4.7,nothink,coding,hard,single-turn,per-problem,0.033,,,94,usable%,,,truefoundry.com
emb,vals.ai,opus-4.8,max,agentic-tool,hard,EMB,per-task,12.00,,,69.37,score%,,,vals.ai/benchmarks/emb
emb,vals.ai,sonnet-5,default,agentic-tool,hard,EMB,per-task,15.44,,,66.32,score%,,verbose,vals.ai/benchmarks/emb
willison,simonwillison,fable-5,low,writing,trivial,llm-cli,per-task,0.097,25,1929,,,,trivial-svg-1run,simonwillison.net/2026/Jun/9/claude-fable-5
willison,simonwillison,fable-5,medium,writing,trivial,llm-cli,per-task,0.115,25,2290,,,,trivial-svg-1run,simonwillison.net
willison,simonwillison,fable-5,high,writing,trivial,llm-cli,per-task,0.103,25,2057,,,,trivial-svg-high-lt-med,simonwillison.net
willison,simonwillison,fable-5,xhigh,writing,trivial,llm-cli,per-task,0.300,25,5992,,,,trivial-svg-1run,simonwillison.net
willison,simonwillison,fable-5,max,writing,trivial,llm-cli,per-task,0.722,25,14430,,,,trivial-svg-1run,simonwillison.net
futuresearch,futuresearch,sonnet-4.6,low,agentic-tool,mid,DeepResearchBench,per-task,0.27,,,50.4,score%,,web-research,futuresearch.ai/effort-scaling
futuresearch,futuresearch,sonnet-4.6,high,agentic-tool,mid,DeepResearchBench,per-task,0.46,,,54.9,score%,,,futuresearch.ai/effort-scaling
cursorbench,cursorbench,fable-5,low,coding,hard,Cursor-3.1,per-task,5.70,,,64.2,score%,,cursor-vendor,cursor.com/cursorbench
cursorbench,cursorbench,fable-5,medium,coding,hard,Cursor-3.1,per-task,8.27,,,69.8,score%,,cursor-vendor,cursor.com/cursorbench
cursorbench,cursorbench,fable-5,high,coding,hard,Cursor-3.1,per-task,10.81,,,70.6,score%,,cursor-vendor,cursor.com/cursorbench
cursorbench,cursorbench,fable-5,xhigh,coding,hard,Cursor-3.1,per-task,13.74,,,72.0,score%,,cursor-vendor,cursor.com/cursorbench
cursorbench,cursorbench,fable-5,max,coding,hard,Cursor-3.1,per-task,18.02,,,72.9,score%,,cursor-vendor,cursor.com/cursorbench
cursorbench,cursorbench,opus-4.8,low,coding,hard,Cursor-3.1,per-task,2.93,,,54.3,score%,,cursor-vendor,cursor.com/cursorbench
cursorbench,cursorbench,opus-4.8,medium,coding,hard,Cursor-3.1,per-task,3.83,,,56.6,score%,,cursor-vendor,cursor.com/cursorbench
cursorbench,cursorbench,opus-4.8,high,coding,hard,Cursor-3.1,per-task,4.41,,,58.4,score%,,cursor-vendor,cursor.com/cursorbench
cursorbench,cursorbench,opus-4.8,xhigh,coding,hard,Cursor-3.1,per-task,6.14,,,62.1,score%,,cursor-vendor,cursor.com/cursorbench
cursorbench,cursorbench,opus-4.8,max,coding,hard,Cursor-3.1,per-task,7.59,,,63.8,score%,,cursor-vendor,cursor.com/cursorbench
cursorbench,cursorbench,opus-4.7,low,coding,hard,Cursor-3.1,per-task,1.87,,,48.3,score%,,cursor-vendor,cursor.com/cursorbench
cursorbench,cursorbench,opus-4.7,medium,coding,hard,Cursor-3.1,per-task,2.93,,,52.7,score%,,cursor-vendor,cursor.com/cursorbench
cursorbench,cursorbench,opus-4.7,high,coding,hard,Cursor-3.1,per-task,5.01,,,59.4,score%,,cursor-vendor,cursor.com/cursorbench
cursorbench,cursorbench,opus-4.7,xhigh,coding,hard,Cursor-3.1,per-task,7.11,,,61.6,score%,,cursor-vendor,cursor.com/cursorbench
cursorbench,cursorbench,opus-4.7,max,coding,hard,Cursor-3.1,per-task,11.02,,,64.8,score%,,cursor-vendor,cursor.com/cursorbench
cursorbench,cursorbench,sonnet-5,low,coding,hard,Cursor-3.1,per-task,1.46,,,47.7,score%,,cursor-vendor,cursor.com/cursorbench
cursorbench,cursorbench,sonnet-5,medium,coding,hard,Cursor-3.1,per-task,2.57,,,54.9,score%,,cursor-vendor,cursor.com/cursorbench
cursorbench,cursorbench,sonnet-5,high,coding,hard,Cursor-3.1,per-task,3.74,,,57.0,score%,,cursor-vendor,cursor.com/cursorbench
cursorbench,cursorbench,sonnet-5,xhigh,coding,hard,Cursor-3.1,per-task,5.23,,,58.4,score%,,cursor-vendor,cursor.com/cursorbench
cursorbench,cursorbench,sonnet-5,max,coding,hard,Cursor-3.1,per-task,6.87,,,61.2,score%,,cursor-vendor,cursor.com/cursorbench
cursorbench,cursorbench,sonnet-4.6,low,coding,hard,Cursor-3.1,per-task,1.89,,,41.5,score%,,cursor-vendor,cursor.com/cursorbench
cursorbench,cursorbench,sonnet-4.6,medium,coding,hard,Cursor-3.1,per-task,2.64,,,46.0,score%,,cursor-vendor,cursor.com/cursorbench
cursorbench,cursorbench,sonnet-4.6,high,coding,hard,Cursor-3.1,per-task,3.06,,,48.8,score%,,cursor-vendor,cursor.com/cursorbench
cursorbench,cursorbench,sonnet-4.6,max,coding,hard,Cursor-3.1,per-task,3.09,,,49.0,score%,,cursor-vendor,cursor.com/cursorbench

scswebenchpro,anthropic-syscard,sonnet-5,max,coding,frontier,system-card,per-task,,,,63.2,resolved%,,,anthropic-sonnet5-syscard-p114
scswebenchpro,anthropic-syscard,sonnet-4.6,max,coding,frontier,system-card,per-task,,,,58.1,resolved%,,,anthropic-sonnet5-syscard-p114
scswebenchpro,anthropic-syscard,opus-4.8,max,coding,frontier,system-card,per-task,,,,69.2,resolved%,,launch-table,anthropic-launch-image
schle-nt,anthropic-syscard,sonnet-5,max,reasoning-math,frontier,system-card-notools,per-task,,,,43.2,score%,,,anthropic-sonnet5-syscard-p114
schle-nt,anthropic-syscard,sonnet-4.6,max,reasoning-math,frontier,system-card-notools,per-task,,,,34.6,score%,,,anthropic-sonnet5-syscard-p114
schle-nt,anthropic-syscard,opus-4.8,max,reasoning-math,frontier,system-card-notools,per-task,,,,49.8,score%,,launch-table,anthropic-launch-image
scgdpval,anthropic-syscard,sonnet-5,max,mixed,frontier,system-card,per-suite,,,,1618,GDPval-Elo,,elo-not-ratioscaled,anthropic-sonnet5-syscard-p114
scgdpval,anthropic-syscard,sonnet-4.6,max,mixed,frontier,system-card,per-suite,,,,1395,GDPval-Elo,,elo-not-ratioscaled,anthropic-sonnet5-syscard-p114
scgdpval,anthropic-syscard,opus-4.8,max,mixed,frontier,system-card,per-suite,,,,1615,GDPval-Elo,,launch-table,anthropic-launch-image
schealthbench,anthropic-syscard,sonnet-5,max,mixed,hard,system-card,per-task,,,,57.8,score%,,,anthropic-sonnet5-syscard-p138
schealthbench,anthropic-syscard,sonnet-4.6,max,mixed,hard,system-card,per-task,,,,44.2,score%,,,anthropic-sonnet5-syscard-p138
scfrontiercode,anthropic-syscard,sonnet-5,low,coding,frontier,FrontierCode,per-task,0.7,,,18.1,score%,,digitized-logx,anthropic-sonnet5-syscard-p117
scfrontiercode,anthropic-syscard,sonnet-5,medium,coding,frontier,FrontierCode,per-task,2.2,,,26.6,score%,,digitized-logx,anthropic-sonnet5-syscard-p117
scfrontiercode,anthropic-syscard,sonnet-5,high,coding,frontier,FrontierCode,per-task,4.5,,,28.9,score%,,digitized-logx,anthropic-sonnet5-syscard-p117
scfrontiercode,anthropic-syscard,sonnet-5,xhigh,coding,frontier,FrontierCode,per-task,7.3,,,34.0,score%,,digitized-logx,anthropic-sonnet5-syscard-p117
scfrontiercode,anthropic-syscard,sonnet-5,max,coding,frontier,FrontierCode,per-task,10.0,,,38.8,score%,,digitized-logx,anthropic-sonnet5-syscard-p117
scfrontiercode,anthropic-syscard,opus-4.8,low,coding,frontier,FrontierCode,per-task,2.5,,,25.3,score%,,digitized-logx,anthropic-sonnet5-syscard-p117
scfrontiercode,anthropic-syscard,opus-4.8,medium,coding,frontier,FrontierCode,per-task,3.0,,,26.9,score%,,digitized-logx,anthropic-sonnet5-syscard-p117
scfrontiercode,anthropic-syscard,opus-4.8,high,coding,frontier,FrontierCode,per-task,3.7,,,30.3,score%,,digitized-logx,anthropic-sonnet5-syscard-p117
scfrontiercode,anthropic-syscard,opus-4.8,xhigh,coding,frontier,FrontierCode,per-task,7.0,,,34.3,score%,,digitized-logx,anthropic-sonnet5-syscard-p117
scfrontiercode,anthropic-syscard,opus-4.8,max,coding,frontier,FrontierCode,per-task,9.5,,,31.3,score%,,digitized-logx,anthropic-sonnet5-syscard-p117
scfrontiercode,anthropic-syscard,fable-5,low,coding,frontier,FrontierCode,per-task,4.5,,,37.3,score%,,digitized-logx,anthropic-sonnet5-syscard-p117
scfrontiercode,anthropic-syscard,fable-5,medium,coding,frontier,FrontierCode,per-task,6.3,,,41.1,score%,,digitized-logx,anthropic-sonnet5-syscard-p117
scfrontiercode,anthropic-syscard,fable-5,high,coding,frontier,FrontierCode,per-task,8.3,,,42.9,score%,,digitized-logx,anthropic-sonnet5-syscard-p117
scfrontiercode,anthropic-syscard,fable-5,xhigh,coding,frontier,FrontierCode,per-task,10.5,,,46.3,score%,,digitized-logx,anthropic-sonnet5-syscard-p117
scfrontiercode,anthropic-syscard,fable-5,max,coding,frontier,FrontierCode,per-task,16.0,,,44.7,score%,,digitized-logx,anthropic-sonnet5-syscard-p117
scfrontiercode,anthropic-syscard,sonnet-4.6,medium,coding,frontier,FrontierCode,per-task,1.9,,,13.6,score%,,digitized-logx,anthropic-sonnet5-syscard-p117
scfrontiercode,anthropic-syscard,sonnet-4.6,high,coding,frontier,FrontierCode,per-task,2.1,,,15.1,score%,,digitized-logx,anthropic-sonnet5-syscard-p117
scfrontiercode,anthropic-syscard,sonnet-4.6,max,coding,frontier,FrontierCode,per-task,2.2,,,13.2,score%,,digitized-logx,anthropic-sonnet5-syscard-p117
schletools,anthropic-syscard,sonnet-5,low,reasoning-math,frontier,HLE-tools,per-task,0.19,,,36.5,score%,,digitized-logx,anthropic-sonnet5-syscard-p122
schletools,anthropic-syscard,sonnet-5,medium,reasoning-math,frontier,HLE-tools,per-task,0.5,,,47.2,score%,,digitized-logx,anthropic-sonnet5-syscard-p122
schletools,anthropic-syscard,sonnet-5,high,reasoning-math,frontier,HLE-tools,per-task,0.9,,,52.8,score%,,digitized-logx,anthropic-sonnet5-syscard-p122
schletools,anthropic-syscard,sonnet-5,xhigh,reasoning-math,frontier,HLE-tools,per-task,1.5,,,54.6,score%,,digitized-logx,anthropic-sonnet5-syscard-p122
schletools,anthropic-syscard,sonnet-5,max,reasoning-math,frontier,HLE-tools,per-task,3.5,,,57.4,score%,,digitized-logx,anthropic-sonnet5-syscard-p122
schletools,anthropic-syscard,opus-4.8,low,reasoning-math,frontier,HLE-tools,per-task,0.33,,,50.2,score%,,digitized-logx,anthropic-sonnet5-syscard-p122
schletools,anthropic-syscard,opus-4.8,medium,reasoning-math,frontier,HLE-tools,per-task,0.52,,,55.2,score%,,digitized-logx,anthropic-sonnet5-syscard-p122
schletools,anthropic-syscard,opus-4.8,high,reasoning-math,frontier,HLE-tools,per-task,0.62,,,55.7,score%,,digitized-logx,anthropic-sonnet5-syscard-p122
schletools,anthropic-syscard,opus-4.8,xhigh,reasoning-math,frontier,HLE-tools,per-task,1.1,,,57.6,score%,,digitized-logx,anthropic-sonnet5-syscard-p122
schletools,anthropic-syscard,opus-4.8,max,reasoning-math,frontier,HLE-tools,per-task,1.5,,,58.0,score%,,digitized-logx,anthropic-sonnet5-syscard-p122
schletools,anthropic-syscard,sonnet-4.6,low,reasoning-math,frontier,HLE-tools,per-task,0.5,,,34.9,score%,,digitized-logx,anthropic-sonnet5-syscard-p122
schletools,anthropic-syscard,sonnet-4.6,medium,reasoning-math,frontier,HLE-tools,per-task,1.3,,,46.5,score%,,digitized-logx,anthropic-sonnet5-syscard-p122
schletools,anthropic-syscard,sonnet-4.6,high,reasoning-math,frontier,HLE-tools,per-task,2.4,,,49.7,score%,,digitized-logx,anthropic-sonnet5-syscard-p122
schletools,anthropic-syscard,sonnet-4.6,max,reasoning-math,frontier,HLE-tools,per-task,3.0,,,46.8,score%,,digitized-logx,anthropic-sonnet5-syscard-p122
scsweproeff,anthropic-syscard,opus-4.8,low,coding,frontier,SWE-bench-Pro,per-task,0.48,,,63.6,resolved%,,digitized-logx,anthropic-opus48-syscard-p196
scsweproeff,anthropic-syscard,opus-4.8,medium,coding,frontier,SWE-bench-Pro,per-task,0.72,,,66.0,resolved%,,digitized-logx,anthropic-opus48-syscard-p196
scsweproeff,anthropic-syscard,opus-4.8,high,coding,frontier,SWE-bench-Pro,per-task,0.81,,,67.4,resolved%,,digitized-logx,anthropic-opus48-syscard-p196
scsweproeff,anthropic-syscard,opus-4.8,xhigh,coding,frontier,SWE-bench-Pro,per-task,1.68,,,69.7,resolved%,,digitized-logx,anthropic-opus48-syscard-p196
scsweproeff,anthropic-syscard,opus-4.8,max,coding,frontier,SWE-bench-Pro,per-task,3.48,,,69.3,resolved%,,digitized-logx,anthropic-opus48-syscard-p196
scsweproeff,anthropic-syscard,opus-4.7,low,coding,frontier,SWE-bench-Pro,per-task,0.29,,,57.3,resolved%,,digitized-logx,anthropic-opus48-syscard-p196
scsweproeff,anthropic-syscard,opus-4.7,medium,coding,frontier,SWE-bench-Pro,per-task,0.42,,,59.5,resolved%,,digitized-logx,anthropic-opus48-syscard-p196
scsweproeff,anthropic-syscard,opus-4.7,high,coding,frontier,SWE-bench-Pro,per-task,0.66,,,62.4,resolved%,,digitized-logx,anthropic-opus48-syscard-p196
scsweproeff,anthropic-syscard,opus-4.7,xhigh,coding,frontier,SWE-bench-Pro,per-task,0.96,,,62.8,resolved%,,digitized-logx,anthropic-opus48-syscard-p196
scsweproeff,anthropic-syscard,opus-4.7,max,coding,frontier,SWE-bench-Pro,per-task,1.68,,,63.6,resolved%,,digitized-logx,anthropic-opus48-syscard-p196
schleeff,anthropic-syscard,opus-4.7,low,reasoning-math,frontier,HLE-tools,per-task,0.36,,,43.0,score%,,digitized-logx,anthropic-opus48-syscard-p203
schleeff,anthropic-syscard,opus-4.7,medium,reasoning-math,frontier,HLE-tools,per-task,0.78,,,48.4,score%,,digitized-logx,anthropic-opus48-syscard-p203
schleeff,anthropic-syscard,opus-4.7,high,reasoning-math,frontier,HLE-tools,per-task,1.5,,,53.2,score%,,digitized-logx,anthropic-opus48-syscard-p203
schleeff,anthropic-syscard,opus-4.7,xhigh,reasoning-math,frontier,HLE-tools,per-task,2.28,,,55.4,score%,,digitized-logx,anthropic-opus48-syscard-p203
schleeff,anthropic-syscard,opus-4.7,max,reasoning-math,frontier,HLE-tools,per-task,4.74,,,54.7,score%,,digitized-logx,anthropic-opus48-syscard-p203
schleeff,anthropic-syscard,opus-4.8,low,reasoning-math,frontier,HLE-tools,per-task,0.78,,,50.2,score%,,digitized-logx,anthropic-opus48-syscard-p203
schleeff,anthropic-syscard,opus-4.8,medium,reasoning-math,frontier,HLE-tools,per-task,1.08,,,55.2,score%,,digitized-logx,anthropic-opus48-syscard-p203
schleeff,anthropic-syscard,opus-4.8,high,reasoning-math,frontier,HLE-tools,per-task,1.32,,,55.7,score%,,digitized-logx,anthropic-opus48-syscard-p203
schleeff,anthropic-syscard,opus-4.8,xhigh,reasoning-math,frontier,HLE-tools,per-task,2.28,,,57.6,score%,,digitized-logx,anthropic-opus48-syscard-p203
schleeff,anthropic-syscard,opus-4.8,max,reasoning-math,frontier,HLE-tools,per-task,3.06,,,57.9,score%,,digitized-logx,anthropic-opus48-syscard-p203
scosweff,anthropic-syscard,opus-4.8,low,computer-use,mid,OSWorld,per-task,0.17,,,78.5,pass%,,digitized-logx,anthropic-opus48-syscard-p222
scosweff,anthropic-syscard,opus-4.8,medium,computer-use,mid,OSWorld,per-task,0.26,,,80.0,pass%,,digitized-logx,anthropic-opus48-syscard-p222
scosweff,anthropic-syscard,opus-4.8,high,computer-use,mid,OSWorld,per-task,0.32,,,81.4,pass%,,digitized-logx,anthropic-opus48-syscard-p222
scosweff,anthropic-syscard,opus-4.8,xhigh,computer-use,mid,OSWorld,per-task,0.64,,,83.1,pass%,,digitized-logx,anthropic-opus48-syscard-p222
scosweff,anthropic-syscard,opus-4.8,max,computer-use,mid,OSWorld,per-task,1.31,,,83.4,pass%,,digitized-logx,anthropic-opus48-syscard-p222
scosweff,anthropic-syscard,opus-4.7,low,computer-use,mid,OSWorld,per-task,0.13,,,73.8,pass%,,digitized-logx,anthropic-opus48-syscard-p222
scosweff,anthropic-syscard,opus-4.7,medium,computer-use,mid,OSWorld,per-task,0.14,,,75.7,pass%,,digitized-logx,anthropic-opus48-syscard-p222
scosweff,anthropic-syscard,opus-4.7,high,computer-use,mid,OSWorld,per-task,0.22,,,79.8,pass%,,digitized-logx,anthropic-opus48-syscard-p222
scosweff,anthropic-syscard,opus-4.7,xhigh,computer-use,mid,OSWorld,per-task,0.29,,,80.2,pass%,,digitized-logx,anthropic-opus48-syscard-p222
scosweff,anthropic-syscard,opus-4.7,max,computer-use,mid,OSWorld,per-task,0.54,,,82.8,pass%,,digitized-logx,anthropic-opus48-syscard-p222
scosweff,anthropic-syscard,sonnet-4.6,low,computer-use,mid,OSWorld,per-task,0.05,,,71.3,pass%,,digitized-logx,anthropic-opus48-syscard-p222
scosweff,anthropic-syscard,sonnet-4.6,medium,computer-use,mid,OSWorld,per-task,0.08,,,75.9,pass%,,digitized-logx,anthropic-opus48-syscard-p222
scosweff,anthropic-syscard,sonnet-4.6,high,computer-use,mid,OSWorld,per-task,0.11,,,77.8,pass%,,digitized-logx,anthropic-opus48-syscard-p222
scosweff,anthropic-syscard,sonnet-4.6,max,computer-use,mid,OSWorld,per-task,0.13,,,78.4,pass%,,digitized-logx,anthropic-opus48-syscard-p222
scfsweppro,anthropic-syscard,opus-4.8,low,coding,frontier,SWE-bench-Pro,per-task,0.28,,,60.3,resolved%,,digitized-logx-mythos,anthropic-fable5-syscard-p255
scfsweppro,anthropic-syscard,opus-4.8,medium,coding,frontier,SWE-bench-Pro,per-task,0.75,,,65.2,resolved%,,digitized-logx-mythos,anthropic-fable5-syscard-p255
scfsweppro,anthropic-syscard,opus-4.8,high,coding,frontier,SWE-bench-Pro,per-task,1.35,,,67.5,resolved%,,digitized-logx-mythos,anthropic-fable5-syscard-p255
scfsweppro,anthropic-syscard,opus-4.8,xhigh,coding,frontier,SWE-bench-Pro,per-task,2.2,,,68.6,resolved%,,digitized-logx-mythos,anthropic-fable5-syscard-p255
scfsweppro,anthropic-syscard,fable-5,low,coding,frontier,SWE-bench-Pro,per-task,1.05,,,75.0,resolved%,,digitized-logx-mythos,anthropic-fable5-syscard-p255
scfsweppro,anthropic-syscard,fable-5,medium,coding,frontier,SWE-bench-Pro,per-task,1.95,,,78.2,resolved%,,digitized-logx-mythos,anthropic-fable5-syscard-p255
scfsweppro,anthropic-syscard,fable-5,high,coding,frontier,SWE-bench-Pro,per-task,2.9,,,79.6,resolved%,,digitized-logx-mythos,anthropic-fable5-syscard-p255
scfsweppro,anthropic-syscard,fable-5,xhigh,coding,frontier,SWE-bench-Pro,per-task,3.9,,,80.4,resolved%,,digitized-logx-mythos,anthropic-fable5-syscard-p255
scfcdiamond,anthropic-syscard,opus-4.8,low,coding,frontier,FrontierCode-D,per-task,2.6,,,8.2,score%,,digitized-logx-mythos,anthropic-fable5-syscard-p257
scfcdiamond,anthropic-syscard,opus-4.8,medium,coding,frontier,FrontierCode-D,per-task,3.7,,,5.9,score%,,digitized-logx-mythos,anthropic-fable5-syscard-p257
scfcdiamond,anthropic-syscard,opus-4.8,high,coding,frontier,FrontierCode-D,per-task,4.6,,,8.7,score%,,digitized-logx-mythos,anthropic-fable5-syscard-p257
scfcdiamond,anthropic-syscard,opus-4.8,xhigh,coding,frontier,FrontierCode-D,per-task,8.3,,,13.4,score%,,digitized-logx-mythos,anthropic-fable5-syscard-p257
scfcdiamond,anthropic-syscard,opus-4.8,max,coding,frontier,FrontierCode-D,per-task,10.3,,,11.4,score%,,digitized-logx-mythos,anthropic-fable5-syscard-p257
scfcdiamond,anthropic-syscard,fable-5,low,coding,frontier,FrontierCode-D,per-task,5.4,,,11.5,score%,,digitized-logx-mythos,anthropic-fable5-syscard-p257
scfcdiamond,anthropic-syscard,fable-5,medium,coding,frontier,FrontierCode-D,per-task,7.3,,,17.8,score%,,digitized-logx-mythos,anthropic-fable5-syscard-p257
scfcdiamond,anthropic-syscard,fable-5,high,coding,frontier,FrontierCode-D,per-task,9.8,,,24.0,score%,,digitized-logx-mythos,anthropic-fable5-syscard-p257
scfcdiamond,anthropic-syscard,fable-5,xhigh,coding,frontier,FrontierCode-D,per-task,11.5,,,29.3,score%,,digitized-logx-mythos,anthropic-fable5-syscard-p257
scfcdiamond,anthropic-syscard,fable-5,max,coding,frontier,FrontierCode-D,per-task,19.0,,,30.9,score%,,digitized-logx-mythos,anthropic-fable5-syscard-p257
scfdeepqa,anthropic-syscard,opus-4.8,low,mixed,frontier,DeepSearchQA,per-task,1.35,,,88.6,f1%,,digitized-logx-mythos,anthropic-fable5-syscard-p270
scfdeepqa,anthropic-syscard,opus-4.8,medium,mixed,frontier,DeepSearchQA,per-task,1.55,,,90.1,f1%,,digitized-logx-mythos,anthropic-fable5-syscard-p270
scfdeepqa,anthropic-syscard,opus-4.8,high,mixed,frontier,DeepSearchQA,per-task,1.65,,,91.0,f1%,,digitized-logx-mythos,anthropic-fable5-syscard-p270
scfdeepqa,anthropic-syscard,opus-4.8,xhigh,mixed,frontier,DeepSearchQA,per-task,2.35,,,92.1,f1%,,digitized-logx-mythos,anthropic-fable5-syscard-p270
scfdeepqa,anthropic-syscard,opus-4.8,max,mixed,frontier,DeepSearchQA,per-task,3.0,,,93.1,f1%,,digitized-logx-mythos,anthropic-fable5-syscard-p270
scfdeepqa,anthropic-syscard,fable-5,low,mixed,frontier,DeepSearchQA,per-task,4.7,,,92.0,f1%,,digitized-logx-mythos,anthropic-fable5-syscard-p270
scfdeepqa,anthropic-syscard,fable-5,medium,mixed,frontier,DeepSearchQA,per-task,4.9,,,94.1,f1%,,digitized-logx-mythos,anthropic-fable5-syscard-p270
scfdeepqa,anthropic-syscard,fable-5,high,mixed,frontier,DeepSearchQA,per-task,5.3,,,93.6,f1%,,digitized-logx-mythos,anthropic-fable5-syscard-p270
scfdeepqa,anthropic-syscard,fable-5,xhigh,mixed,frontier,DeepSearchQA,per-task,6.4,,,94.5,f1%,,digitized-logx-mythos,anthropic-fable5-syscard-p270
scfdeepqa,anthropic-syscard,fable-5,max,mixed,frontier,DeepSearchQA,per-task,9.5,,,94.2,f1%,,digitized-logx-mythos,anthropic-fable5-syscard-p270
scfhletools,anthropic-syscard,opus-4.8,low,reasoning-math,frontier,HLE-tools,per-task,0.33,,,50.2,score%,,digitized-logx-mythos,anthropic-fable5-syscard-p267
scfhletools,anthropic-syscard,opus-4.8,medium,reasoning-math,frontier,HLE-tools,per-task,0.53,,,55.2,score%,,digitized-logx-mythos,anthropic-fable5-syscard-p267
scfhletools,anthropic-syscard,opus-4.8,high,reasoning-math,frontier,HLE-tools,per-task,0.63,,,55.7,score%,,digitized-logx-mythos,anthropic-fable5-syscard-p267
scfhletools,anthropic-syscard,opus-4.8,xhigh,reasoning-math,frontier,HLE-tools,per-task,1.15,,,57.6,score%,,digitized-logx-mythos,anthropic-fable5-syscard-p267
scfhletools,anthropic-syscard,opus-4.8,max,reasoning-math,frontier,HLE-tools,per-task,1.5,,,57.9,score%,,digitized-logx-mythos,anthropic-fable5-syscard-p267
scfhletools,anthropic-syscard,fable-5,low,reasoning-math,frontier,HLE-tools,per-task,0.97,,,59.8,score%,,digitized-logx-mythos,anthropic-fable5-syscard-p267
scfhletools,anthropic-syscard,fable-5,medium,reasoning-math,frontier,HLE-tools,per-task,1.5,,,62.6,score%,,digitized-logx-mythos,anthropic-fable5-syscard-p267
scfhletools,anthropic-syscard,fable-5,high,reasoning-math,frontier,HLE-tools,per-task,2.3,,,63.4,score%,,digitized-logx-mythos,anthropic-fable5-syscard-p267
scfhletools,anthropic-syscard,fable-5,xhigh,reasoning-math,frontier,HLE-tools,per-task,3.0,,,64.2,score%,,digitized-logx-mythos,anthropic-fable5-syscard-p267
scfhletools,anthropic-syscard,fable-5,max,reasoning-math,frontier,HLE-tools,per-task,4.5,,,64.5,score%,,digitized-logx-mythos,anthropic-fable5-syscard-p267
scfdraco,anthropic-syscard,opus-4.8,low,mixed,frontier,DRACO,per-task,0.4,,,70.2,score%,,digitized-logx-mythos,anthropic-fable5-syscard-p271
scfdraco,anthropic-syscard,opus-4.8,medium,mixed,frontier,DRACO,per-task,0.65,,,73.3,score%,,digitized-logx-mythos,anthropic-fable5-syscard-p271
scfdraco,anthropic-syscard,opus-4.8,high,mixed,frontier,DRACO,per-task,0.85,,,75.1,score%,,digitized-logx-mythos,anthropic-fable5-syscard-p271
scfdraco,anthropic-syscard,opus-4.8,xhigh,mixed,frontier,DRACO,per-task,1.75,,,79.0,score%,,digitized-logx-mythos,anthropic-fable5-syscard-p271
scfdraco,anthropic-syscard,opus-4.8,max,mixed,frontier,DRACO,per-task,2.15,,,80.6,score%,,digitized-logx-mythos,anthropic-fable5-syscard-p271
scfdraco,anthropic-syscard,fable-5,low,mixed,frontier,DRACO,per-task,0.75,,,76.7,score%,,digitized-logx-mythos,anthropic-fable5-syscard-p271
scfdraco,anthropic-syscard,fable-5,medium,mixed,frontier,DRACO,per-task,2.05,,,80.6,score%,,digitized-logx-mythos,anthropic-fable5-syscard-p271
scfdraco,anthropic-syscard,fable-5,high,mixed,frontier,DRACO,per-task,4.5,,,82.8,score%,,digitized-logx-mythos,anthropic-fable5-syscard-p271
scfdraco,anthropic-syscard,fable-5,xhigh,mixed,frontier,DRACO,per-task,7.0,,,84.9,score%,,digitized-logx-mythos,anthropic-fable5-syscard-p271
scfdraco,anthropic-syscard,fable-5,max,mixed,frontier,DRACO,per-task,11.0,,,86.4,score%,,digitized-logx-mythos,anthropic-fable5-syscard-p271
scoarc,anthropic-syscard,opus-4.7,low,reasoning-math,frontier,ARC-AGI-2,per-task,2.2,,,61.9,score%,,digitized-logx,anthropic-opus47-syscard-p213
scoarc,anthropic-syscard,opus-4.7,medium,reasoning-math,frontier,ARC-AGI-2,per-task,2.6,,,66.0,score%,,digitized-logx,anthropic-opus47-syscard-p213
scoarc,anthropic-syscard,opus-4.7,high,reasoning-math,frontier,ARC-AGI-2,per-task,3.1,,,68.0,score%,,digitized-logx,anthropic-opus47-syscard-p213
scoarc,anthropic-syscard,opus-4.7,max,reasoning-math,frontier,ARC-AGI-2,per-task,8.0,,,75.8,score%,,digitized-logx,anthropic-opus47-syscard-p213
scodeepqa,anthropic-syscard,opus-4.7,low,mixed,frontier,DeepSearchQA,per-task,1.62,,,80.6,f1%,,digitized-logx-tok,anthropic-opus47-syscard-p200
scodeepqa,anthropic-syscard,opus-4.7,medium,mixed,frontier,DeepSearchQA,per-task,2.28,,,86.0,f1%,,digitized-logx-tok,anthropic-opus47-syscard-p200
scodeepqa,anthropic-syscard,opus-4.7,high,mixed,frontier,DeepSearchQA,per-task,3.9,,,88.6,f1%,,digitized-logx-tok,anthropic-opus47-syscard-p200
scodeepqa,anthropic-syscard,opus-4.7,xhigh,mixed,frontier,DeepSearchQA,per-task,5.28,,,88.1,f1%,,digitized-logx-tok,anthropic-opus47-syscard-p200
scodeepqa,anthropic-syscard,opus-4.7,max,mixed,frontier,DeepSearchQA,per-task,9.3,,,89.9,f1%,,digitized-logx-tok,anthropic-opus47-syscard-p200
scodeepqa,anthropic-syscard,sonnet-4.6,low,mixed,frontier,DeepSearchQA,per-task,0.66,,,82.9,f1%,,digitized-logx-tok,anthropic-opus47-syscard-p200
scodeepqa,anthropic-syscard,sonnet-4.6,medium,mixed,frontier,DeepSearchQA,per-task,1.3,,,87.6,f1%,,digitized-logx-tok,anthropic-opus47-syscard-p200
scodeepqa,anthropic-syscard,sonnet-4.6,high,mixed,frontier,DeepSearchQA,per-task,2.28,,,89.7,f1%,,digitized-logx-tok,anthropic-opus47-syscard-p200
scodeepqa,anthropic-syscard,sonnet-4.6,max,mixed,frontier,DeepSearchQA,per-task,2.58,,,90.7,f1%,,digitized-logx-tok,anthropic-opus47-syscard-p200
